"path","disposition","target_phase","rationale"
"README.md","REFACTOR","Phase 1","Update from Tauri assumptions to web-first PWA runtime and IndexedDB bootstrap."
"TODO.md","RETAIN","Phase 0+","Current project direction, scope, workflow, or roadmap documentation."
"docs/00-project-brief.md","RETAIN","Phase 0+","Current project direction, scope, workflow, or roadmap documentation."
"docs/01-product-vision.md","RETAIN","Phase 0+","Current project direction, scope, workflow, or roadmap documentation."
"docs/02-information-architecture.md","RETAIN","Phase 0+","Current project direction, scope, workflow, or roadmap documentation."
"docs/03-sidebar-navigation.md","RETAIN","Phase 0+","Current project direction, scope, workflow, or roadmap documentation."
"docs/04-domain-model.md","RETAIN","Phase 0+","Current project direction, scope, workflow, or roadmap documentation."
"docs/05-user-workflows.md","RETAIN","Phase 0+","Current project direction, scope, workflow, or roadmap documentation."
"docs/06-design-principles.md","RETAIN","Phase 0+","Current project direction, scope, workflow, or roadmap documentation."
"docs/07-build-plan.md","RETAIN","Phase 0+","Current project direction, scope, workflow, or roadmap documentation."
"docs/08-scope-boundaries.md","RETAIN","Phase 0+","Current project direction, scope, workflow, or roadmap documentation."
"docs/09-routing.md","RETAIN","Phase 0+","Current project direction, scope, workflow, or roadmap documentation."
"docs/10-ui-architecture.md","RETAIN","Phase 0+","Current project direction, scope, workflow, or roadmap documentation."
"docs/11-state-management.md","RETAIN","Phase 0+","Current project direction, scope, workflow, or roadmap documentation."
"docs/12-future-roadmap.md","RETAIN","Phase 0+","Current project direction, scope, workflow, or roadmap documentation."
"docs/ADR-0001-local-first.md","DEFER","Historical reference","Superseded desktop-first or earlier persistence decision retained as decision history."
"docs/OLUSO Project Delivery System/00 — Methodology & Governance/00 — OLUSO Project Delivery Methodology.docx","DEFER","Historical reference","Pre-reset delivery artifact retained for traceability but not authoritative for ADAMA HSE implementation."
"docs/OLUSO Project Delivery System/01 — Capability Roadmap/01 — OLUSO Capability Roadmap and Delivery Sequence.docx","DEFER","Historical reference","Pre-reset delivery artifact retained for traceability but not authoritative for ADAMA HSE implementation."
"docs/OLUSO Project Delivery System/01 — Capability Roadmap/Campaign Plans/Campaign 0 — Platform Integrity and Meeting Readiness.docx","DEFER","Historical reference","Pre-reset delivery artifact retained for traceability but not authoritative for ADAMA HSE implementation."
"docs/OLUSO Project Delivery System/01 — Capability Roadmap/Campaign Plans/Campaign 1 — Organizations, People, and Work.docx","DEFER","Historical reference","Pre-reset delivery artifact retained for traceability but not authoritative for ADAMA HSE implementation."
"docs/OLUSO Project Delivery System/01 — Capability Roadmap/Campaign Plans/Campaign 2 — Field Assurance, Incidents, and Actions.docx","DEFER","Historical reference","Pre-reset delivery artifact retained for traceability but not authoritative for ADAMA HSE implementation."
"docs/OLUSO Project Delivery System/01 — Capability Roadmap/Campaign Plans/Campaign 3 — Industrial Hygiene and Occupational Health.docx","DEFER","Historical reference","Pre-reset delivery artifact retained for traceability but not authoritative for ADAMA HSE implementation."
"docs/OLUSO Project Delivery System/01 — Capability Roadmap/Campaign Plans/Campaign 4 — Training, Competency, and Contractor Readiness.docx","DEFER","Historical reference","Pre-reset delivery artifact retained for traceability but not authoritative for ADAMA HSE implementation."
"docs/OLUSO Project Delivery System/01 — Capability Roadmap/Campaign Plans/Campaign 5 — Management of Change and Pre-Startup Review.docx","DEFER","Historical reference","Pre-reset delivery artifact retained for traceability but not authoritative for ADAMA HSE implementation."
"docs/OLUSO Project Delivery System/01 — Capability Roadmap/Campaign Plans/Campaign 6 — Environmental and Compliance Management.docx","DEFER","Historical reference","Pre-reset delivery artifact retained for traceability but not authoritative for ADAMA HSE implementation."
"docs/OLUSO Project Delivery System/01 — Capability Roadmap/Campaign Plans/Campaign 7 — Document Context, Reporting, and Migration.docx","DEFER","Historical reference","Pre-reset delivery artifact retained for traceability but not authoritative for ADAMA HSE implementation."
"docs/OLUSO Project Delivery System/02 — Phase Plans/02 — OLUSO Phase Plan Template.docx","DEFER","Historical reference","Pre-reset delivery artifact retained for traceability but not authoritative for ADAMA HSE implementation."
"docs/OLUSO Project Delivery System/03 — Specifications & Decisions/03 — OLUSO Part and Coding-Agent Work Package Template.docx","DEFER","Historical reference","Pre-reset delivery artifact retained for traceability but not authoritative for ADAMA HSE implementation."
"docs/OLUSO Project Delivery System/04 — Verification & Migration/04 — OLUSO Verification and Migration Gate Standard.docx","DEFER","Historical reference","Pre-reset delivery artifact retained for traceability but not authoritative for ADAMA HSE implementation."
"docs/OLUSO Project Delivery System/START HERE — OLUSO Project Delivery System.docx","DEFER","Historical reference","Pre-reset delivery artifact retained for traceability but not authoritative for ADAMA HSE implementation."
"docs/README.md","RETAIN","Phase 0+","Current project direction, scope, workflow, or roadmap documentation."
"docs/adr/ADR-0001-local-first.md","DEFER","Historical reference","Superseded desktop-first or earlier persistence decision retained as decision history."
"docs/adr/ADR-0002-navigation-structure.md","RETAIN","Phase 0+","Current project direction, scope, workflow, or roadmap documentation."
"docs/adr/ADR-0003-registers-vs-records.md","RETAIN","Phase 0+","Current project direction, scope, workflow, or roadmap documentation."
"docs/adr/ADR-0004-persistence-stack.md","DEFER","Historical reference","Superseded desktop-first or earlier persistence decision retained as decision history."
"docs/adr/ADR-0005-desktop-runtime.md","DEFER","Historical reference","Superseded desktop-first or earlier persistence decision retained as decision history."
"docs/adr/ADR-0007-record-identity-and-lifecycle.md","RETAIN","Phase 0+","Current project direction, scope, workflow, or roadmap documentation."
"docs/adr/ADR-0008-web-only-local-first-runtime.md","RETAIN","Phase 0-1","Architecture-reset decision, audit evidence, governed inventory, or implementation status."
"docs/adr/ADR-0009-browser-persistence.md","RETAIN","Phase 0-1","Architecture-reset decision, audit evidence, governed inventory, or implementation status."
"docs/adr/ADR-0010-reviewed-exchange-protocol.md","RETAIN","Phase 0-1","Architecture-reset decision, audit evidence, governed inventory, or implementation status."
"docs/adr/README.md","RETAIN","Phase 0+","Current project direction, scope, workflow, or roadmap documentation."
"docs/agent-specs/coding-agent-rules.md","REFACTOR","Phases 1-7","Useful specification surface must be reconciled with the typed ADAMA HSE domain and web-only architecture."
"docs/agent-specs/file-change-policy.md","REFACTOR","Phases 1-7","Useful specification surface must be reconciled with the typed ADAMA HSE domain and web-only architecture."
"docs/agent-specs/implementation-prompt-template.md","REFACTOR","Phases 1-7","Useful specification surface must be reconciled with the typed ADAMA HSE domain and web-only architecture."
"docs/agent-specs/out-of-scope-list.md","REFACTOR","Phases 1-7","Useful specification surface must be reconciled with the typed ADAMA HSE domain and web-only architecture."
"docs/agent-specs/review-prompt-template.md","REFACTOR","Phases 1-7","Useful specification surface must be reconciled with the typed ADAMA HSE domain and web-only architecture."
"docs/agent-specs/verification-prompt-template.md","REFACTOR","Phases 1-7","Useful specification surface must be reconciled with the typed ADAMA HSE domain and web-only architecture."
"docs/architecture-reset-file-inventory.csv","RETAIN","Phase 0-1","Architecture-reset decision, audit evidence, governed inventory, or implementation status."
"docs/architecture-reset-module-inventory.md","RETAIN","Phase 0-1","Architecture-reset decision, audit evidence, governed inventory, or implementation status."
"docs/component-specs/app-shell-specs.md","REFACTOR","Phases 1-7","Useful specification surface must be reconciled with the typed ADAMA HSE domain and web-only architecture."
"docs/component-specs/breadcrumbs-specs.md","REFACTOR","Phases 1-7","Useful specification surface must be reconciled with the typed ADAMA HSE domain and web-only architecture."
"docs/component-specs/confirm-dialog-specs.md","REFACTOR","Phases 1-7","Useful specification surface must be reconciled with the typed ADAMA HSE domain and web-only architecture."
"docs/component-specs/empty-state-specs.md","REFACTOR","Phases 1-7","Useful specification surface must be reconciled with the typed ADAMA HSE domain and web-only architecture."
"docs/component-specs/import-export-controls-specs.md","REFACTOR","Phases 1-7","Useful specification surface must be reconciled with the typed ADAMA HSE domain and web-only architecture."
"docs/component-specs/loading-error-state-specs.md","REFACTOR","Phases 1-7","Useful specification surface must be reconciled with the typed ADAMA HSE domain and web-only architecture."
"docs/component-specs/page-header-specs.md","REFACTOR","Phases 1-7","Useful specification surface must be reconciled with the typed ADAMA HSE domain and web-only architecture."
"docs/component-specs/record-detail-layout-specs.md","REFACTOR","Phases 1-7","Useful specification surface must be reconciled with the typed ADAMA HSE domain and web-only architecture."
"docs/component-specs/record-form-specs.md","REFACTOR","Phases 1-7","Useful specification surface must be reconciled with the typed ADAMA HSE domain and web-only architecture."
"docs/component-specs/register-table-specs.md","REFACTOR","Phases 1-7","Useful specification surface must be reconciled with the typed ADAMA HSE domain and web-only architecture."
"docs/component-specs/relationship-panel-specs.md","REFACTOR","Phases 1-7","Useful specification surface must be reconciled with the typed ADAMA HSE domain and web-only architecture."
"docs/component-specs/search-filter-specs.md","REFACTOR","Phases 1-7","Useful specification surface must be reconciled with the typed ADAMA HSE domain and web-only architecture."
"docs/component-specs/sidepanel-specs.md","REFACTOR","Phases 1-7","Useful specification surface must be reconciled with the typed ADAMA HSE domain and web-only architecture."
"docs/component-specs/status-chip-specs.md","REFACTOR","Phases 1-7","Useful specification surface must be reconciled with the typed ADAMA HSE domain and web-only architecture."
"docs/component-specs/toast-notification-specs.md","REFACTOR","Phases 1-7","Useful specification surface must be reconciled with the typed ADAMA HSE domain and web-only architecture."
"docs/corporate-compliance-readiness-assessment.md","RETAIN","Phase 0+","Current project direction, scope, workflow, or roadmap documentation."
"docs/data-specs/backup-export.md","REFACTOR","Phases 1-7","Useful specification surface must be reconciled with the typed ADAMA HSE domain and web-only architecture."
"docs/data-specs/entity-field-specs.md","REFACTOR","Phases 1-7","Useful specification surface must be reconciled with the typed ADAMA HSE domain and web-only architecture."
"docs/data-specs/migrations.md","REFACTOR","Phases 1-7","Useful specification surface must be reconciled with the typed ADAMA HSE domain and web-only architecture."
"docs/data-specs/persistence-stack.md","REFACTOR","Phases 1-7","Useful specification surface must be reconciled with the typed ADAMA HSE domain and web-only architecture."
"docs/data-specs/query-patterns.md","REFACTOR","Phases 1-7","Useful specification surface must be reconciled with the typed ADAMA HSE domain and web-only architecture."
"docs/data-specs/record-identity.md","REFACTOR","Phases 1-7","Useful specification surface must be reconciled with the typed ADAMA HSE domain and web-only architecture."
"docs/data-specs/repository-contracts.md","REFACTOR","Phases 1-7","Useful specification surface must be reconciled with the typed ADAMA HSE domain and web-only architecture."
"docs/data-specs/schema-overview.md","REFACTOR","Phases 1-7","Useful specification surface must be reconciled with the typed ADAMA HSE domain and web-only architecture."
"docs/data-specs/seed-data.md","REFACTOR","Phases 1-7","Useful specification surface must be reconciled with the typed ADAMA HSE domain and web-only architecture."
"docs/data-specs/validation-rules.md","REFACTOR","Phases 1-7","Useful specification surface must be reconciled with the typed ADAMA HSE domain and web-only architecture."
"docs/feature-inventory.md","RETAIN","Phase 0-1","Architecture-reset decision, audit evidence, governed inventory, or implementation status."
"docs/legacy-schema-mapping.md","RETAIN","Phase 0-1","Architecture-reset decision, audit evidence, governed inventory, or implementation status."
"docs/page-specs/actions-corrective-actions.md","REFACTOR","Phases 1-7","Useful specification surface must be reconciled with the typed ADAMA HSE domain and web-only architecture."
"docs/page-specs/controls.md","REFACTOR","Phases 1-7","Useful specification surface must be reconciled with the typed ADAMA HSE domain and web-only architecture."
"docs/page-specs/dashboard.md","REFACTOR","Phases 1-7","Useful specification surface must be reconciled with the typed ADAMA HSE domain and web-only architecture."
"docs/page-specs/error.md","REFACTOR","Phases 1-7","Useful specification surface must be reconciled with the typed ADAMA HSE domain and web-only architecture."
"docs/page-specs/exposure-assessments.md","REFACTOR","Phases 1-7","Useful specification surface must be reconciled with the typed ADAMA HSE domain and web-only architecture."
"docs/page-specs/exposure-monitoring.md","REFACTOR","Phases 1-7","Useful specification surface must be reconciled with the typed ADAMA HSE domain and web-only architecture."
"docs/page-specs/exposure-scenarios.md","REFACTOR","Phases 1-7","Useful specification surface must be reconciled with the typed ADAMA HSE domain and web-only architecture."
"docs/page-specs/field-findings.md","REFACTOR","Phases 1-7","Useful specification surface must be reconciled with the typed ADAMA HSE domain and web-only architecture."
"docs/page-specs/hse-chemicals.md","REFACTOR","Phases 1-7","Useful specification surface must be reconciled with the typed ADAMA HSE domain and web-only architecture."
"docs/page-specs/hse-hazards.md","REFACTOR","Phases 1-7","Useful specification surface must be reconciled with the typed ADAMA HSE domain and web-only architecture."
"docs/page-specs/hse-segs.md","REFACTOR","Phases 1-7","Useful specification surface must be reconciled with the typed ADAMA HSE domain and web-only architecture."
"docs/page-specs/not-found.md","REFACTOR","Phases 1-7","Useful specification surface must be reconciled with the typed ADAMA HSE domain and web-only architecture."
"docs/page-specs/operations-locations.md","REFACTOR","Phases 1-7","Useful specification surface must be reconciled with the typed ADAMA HSE domain and web-only architecture."
"docs/page-specs/operations-processes.md","REFACTOR","Phases 1-7","Useful specification surface must be reconciled with the typed ADAMA HSE domain and web-only architecture."
"docs/page-specs/record-not-found.md","REFACTOR","Phases 1-7","Useful specification surface must be reconciled with the typed ADAMA HSE domain and web-only architecture."
"docs/page-specs/reports-exports.md","REFACTOR","Phases 1-7","Useful specification surface must be reconciled with the typed ADAMA HSE domain and web-only architecture."
"docs/page-specs/system-settings.md","REFACTOR","Phases 1-7","Useful specification surface must be reconciled with the typed ADAMA HSE domain and web-only architecture."
"docs/page-specs/unit-baseline.md","REFACTOR","Phases 1-7","Useful specification surface must be reconciled with the typed ADAMA HSE domain and web-only architecture."
"docs/phase-1-persistence-foundation-status.md","RETAIN","Phase 0-1","Architecture-reset decision, audit evidence, governed inventory, or implementation status."
"docs/repository-audit-2026-07-18.md","RETAIN","Phase 0-1","Architecture-reset decision, audit evidence, governed inventory, or implementation status."
"docs/test-specs/accessibility-checklist.md","REFACTOR","Phases 1-7","Useful specification surface must be reconciled with the typed ADAMA HSE domain and web-only architecture."
"docs/test-specs/form-validation-tests.md","REFACTOR","Phases 1-7","Useful specification surface must be reconciled with the typed ADAMA HSE domain and web-only architecture."
"docs/test-specs/manual-acceptance-checklist.md","REFACTOR","Phases 1-7","Useful specification surface must be reconciled with the typed ADAMA HSE domain and web-only architecture."
"docs/test-specs/persistence-tests.md","REFACTOR","Phases 1-7","Useful specification surface must be reconciled with the typed ADAMA HSE domain and web-only architecture."
"docs/test-specs/register-tests.md","REFACTOR","Phases 1-7","Useful specification surface must be reconciled with the typed ADAMA HSE domain and web-only architecture."
"docs/test-specs/route-tests.md","REFACTOR","Phases 1-7","Useful specification surface must be reconciled with the typed ADAMA HSE domain and web-only architecture."
"docs/test-specs/testing-strategy.md","REFACTOR","Phases 1-7","Useful specification surface must be reconciled with the typed ADAMA HSE domain and web-only architecture."
"docs/workflow-specs/archive-delete.md","REFACTOR","Phases 1-7","Useful specification surface must be reconciled with the typed ADAMA HSE domain and web-only architecture."
"docs/workflow-specs/backup-restore.md","REFACTOR","Phases 1-7","Useful specification surface must be reconciled with the typed ADAMA HSE domain and web-only architecture."
"docs/workflow-specs/corrective-action-closure.md","REFACTOR","Phases 1-7","Useful specification surface must be reconciled with the typed ADAMA HSE domain and web-only architecture."
"docs/workflow-specs/create-edit-save.md","REFACTOR","Phases 1-7","Useful specification surface must be reconciled with the typed ADAMA HSE domain and web-only architecture."
"docs/workflow-specs/exchange-review.md","REFACTOR","Phases 1-7","Useful specification surface must be reconciled with the typed ADAMA HSE domain and web-only architecture."
"docs/workflow-specs/export-generation.md","REFACTOR","Phases 1-7","Useful specification surface must be reconciled with the typed ADAMA HSE domain and web-only architecture."
"docs/workflow-specs/import-data.md","REFACTOR","Phases 1-7","Useful specification surface must be reconciled with the typed ADAMA HSE domain and web-only architecture."
"docs/workflow-specs/record-lifecycle.md","REFACTOR","Phases 1-7","Useful specification surface must be reconciled with the typed ADAMA HSE domain and web-only architecture."
"docs/workflow-specs/relationship-linking.md","REFACTOR","Phases 1-7","Useful specification surface must be reconciled with the typed ADAMA HSE domain and web-only architecture."
"docs/workflow-specs/search-filter.md","REFACTOR","Phases 1-7","Useful specification surface must be reconciled with the typed ADAMA HSE domain and web-only architecture."
"package-lock.json","REFACTOR","Phase 1","Update from Tauri assumptions to web-first PWA runtime and IndexedDB bootstrap."
"package.json","REFACTOR","Phase 1","Update from Tauri assumptions to web-first PWA runtime and IndexedDB bootstrap."
"scripts/verify-pwa.mjs","RETAIN","Phases 1-7","Reusable web shell, component, style, route, verification, or test asset; revise only where target workflow requires."
"src-tauri/Cargo.lock","REMOVE_AFTER_MIGRATION","Phase 1 exit","Desktop-only runtime or packaging removed after browser migration verification."
"src-tauri/Cargo.toml","REMOVE_AFTER_MIGRATION","Phase 1 exit","Desktop-only runtime or packaging removed after browser migration verification."
"src-tauri/build.rs","REMOVE_AFTER_MIGRATION","Phase 1 exit","Desktop-only runtime or packaging removed after browser migration verification."
"src-tauri/capabilities/default.json","REMOVE_AFTER_MIGRATION","Phase 1 exit","Desktop-only runtime or packaging removed after browser migration verification."
"src-tauri/icons/128x128.png","REMOVE_AFTER_MIGRATION","Phase 1 exit","Desktop-only runtime or packaging removed after browser migration verification."
"src-tauri/icons/128x128@2x.png","REMOVE_AFTER_MIGRATION","Phase 1 exit","Desktop-only runtime or packaging removed after browser migration verification."
"src-tauri/icons/32x32.png","REMOVE_AFTER_MIGRATION","Phase 1 exit","Desktop-only runtime or packaging removed after browser migration verification."
"src-tauri/icons/Square107x107Logo.png","REMOVE_AFTER_MIGRATION","Phase 1 exit","Desktop-only runtime or packaging removed after browser migration verification."
"src-tauri/icons/Square142x142Logo.png","REMOVE_AFTER_MIGRATION","Phase 1 exit","Desktop-only runtime or packaging removed after browser migration verification."
"src-tauri/icons/Square150x150Logo.png","REMOVE_AFTER_MIGRATION","Phase 1 exit","Desktop-only runtime or packaging removed after browser migration verification."
"src-tauri/icons/Square284x284Logo.png","REMOVE_AFTER_MIGRATION","Phase 1 exit","Desktop-only runtime or packaging removed after browser migration verification."
"src-tauri/icons/Square30x30Logo.png","REMOVE_AFTER_MIGRATION","Phase 1 exit","Desktop-only runtime or packaging removed after browser migration verification."
"src-tauri/icons/Square310x310Logo.png","REMOVE_AFTER_MIGRATION","Phase 1 exit","Desktop-only runtime or packaging removed after browser migration verification."
"src-tauri/icons/Square44x44Logo.png","REMOVE_AFTER_MIGRATION","Phase 1 exit","Desktop-only runtime or packaging removed after browser migration verification."
"src-tauri/icons/Square71x71Logo.png","REMOVE_AFTER_MIGRATION","Phase 1 exit","Desktop-only runtime or packaging removed after browser migration verification."
"src-tauri/icons/Square89x89Logo.png","REMOVE_AFTER_MIGRATION","Phase 1 exit","Desktop-only runtime or packaging removed after browser migration verification."
"src-tauri/icons/StoreLogo.png","REMOVE_AFTER_MIGRATION","Phase 1 exit","Desktop-only runtime or packaging removed after browser migration verification."
"src-tauri/icons/icon.icns","REMOVE_AFTER_MIGRATION","Phase 1 exit","Desktop-only runtime or packaging removed after browser migration verification."
"src-tauri/icons/icon.ico","REMOVE_AFTER_MIGRATION","Phase 1 exit","Desktop-only runtime or packaging removed after browser migration verification."
"src-tauri/icons/icon.png","REMOVE_AFTER_MIGRATION","Phase 1 exit","Desktop-only runtime or packaging removed after browser migration verification."
"src-tauri/migrations/001_initial.sql","REMOVE_AFTER_MIGRATION","Phase 1 exit","Native source of truth retained as migration evidence until representative fixtures and recovery tests pass."
"src-tauri/migrations/002_corrective_actions_workflow.sql","REMOVE_AFTER_MIGRATION","Phase 1 exit","Native source of truth retained as migration evidence until representative fixtures and recovery tests pass."
"src-tauri/migrations/003_corrective_actions_evidence_reference.sql","REMOVE_AFTER_MIGRATION","Phase 1 exit","Native source of truth retained as migration evidence until representative fixtures and recovery tests pass."
"src-tauri/migrations/004_equipment_register.sql","REMOVE_AFTER_MIGRATION","Phase 1 exit","Native source of truth retained as migration evidence until representative fixtures and recovery tests pass."
"src-tauri/migrations/005_chemical_sds_exposure_fields.sql","REMOVE_AFTER_MIGRATION","Phase 1 exit","Native source of truth retained as migration evidence until representative fixtures and recovery tests pass."
"src-tauri/migrations/006_controls_risk_assessments.sql","REMOVE_AFTER_MIGRATION","Phase 1 exit","Native source of truth retained as migration evidence until representative fixtures and recovery tests pass."
"src-tauri/migrations/007_p1_product_gaps.sql","REMOVE_AFTER_MIGRATION","Phase 1 exit","Native source of truth retained as migration evidence until representative fixtures and recovery tests pass."
"src-tauri/migrations/008_location_hierarchy.sql","REMOVE_AFTER_MIGRATION","Phase 1 exit","Native source of truth retained as migration evidence until representative fixtures and recovery tests pass."
"src-tauri/migrations/009_campaign_registers.sql","REMOVE_AFTER_MIGRATION","Phase 1 exit","Native source of truth retained as migration evidence until representative fixtures and recovery tests pass."
"src-tauri/migrations/010_location_geography.sql","REMOVE_AFTER_MIGRATION","Phase 1 exit","Native source of truth retained as migration evidence until representative fixtures and recovery tests pass."
"src-tauri/src/lib.rs","REMOVE_AFTER_MIGRATION","Phase 1 exit","Desktop-only runtime or packaging removed after browser migration verification."
"src-tauri/src/main.rs","REMOVE_AFTER_MIGRATION","Phase 1 exit","Desktop-only runtime or packaging removed after browser migration verification."
"src-tauri/src/persistence.rs","REMOVE_AFTER_MIGRATION","Phase 1 exit","Native source of truth retained as migration evidence until representative fixtures and recovery tests pass."
"src-tauri/tauri.conf.json","REMOVE_AFTER_MIGRATION","Phase 1 exit","Desktop-only runtime or packaging removed after browser migration verification."
"src/app.css","RETAIN","Phases 1-7","Reusable web shell, component, style, route, verification, or test asset; revise only where target workflow requires."
"src/app.html","REFACTOR","Phase 1","Update from Tauri assumptions to web-first PWA runtime and IndexedDB bootstrap."
"src/application/oluso-application.ts","REFACTOR","Phases 1-4","Preserve application boundary pattern while moving significant entities to typed repositories and invariants."
"src/components/layout/AppShell.svelte","RETAIN","Phases 1-7","Reusable web shell, component, style, route, verification, or test asset; revise only where target workflow requires."
"src/components/layout/AppShell.test.ts","RETAIN","Phases 1-7","Reusable web shell, component, style, route, verification, or test asset; revise only where target workflow requires."
"src/components/layout/SidePanel/SidePanel.svelte","RETAIN","Phases 1-7","Reusable web shell, component, style, route, verification, or test asset; revise only where target workflow requires."
"src/components/layout/SidePanel/SidePanel.test.ts","RETAIN","Phases 1-7","Reusable web shell, component, style, route, verification, or test asset; revise only where target workflow requires."
"src/components/layout/SidePanel/SidePanelItem.svelte","RETAIN","Phases 1-7","Reusable web shell, component, style, route, verification, or test asset; revise only where target workflow requires."
"src/components/layout/SidePanel/SidePanelSection.svelte","RETAIN","Phases 1-7","Reusable web shell, component, style, route, verification, or test asset; revise only where target workflow requires."
"src/components/layout/SidePanel/icons.ts","RETAIN","Phases 1-7","Reusable web shell, component, style, route, verification, or test asset; revise only where target workflow requires."
"src/domain/contracts/index.ts","REFACTOR","Phases 1-4","Preserve application boundary pattern while moving significant entities to typed repositories and invariants."
"src/domain/contracts/repository-contracts.ts","REFACTOR","Phases 1-4","Preserve application boundary pattern while moving significant entities to typed repositories and invariants."
"src/domain/errors/domain-errors.ts","REFACTOR","Phases 1-4","Preserve application boundary pattern while moving significant entities to typed repositories and invariants."
"src/domain/errors/index.ts","REFACTOR","Phases 1-4","Preserve application boundary pattern while moving significant entities to typed repositories and invariants."
"src/domain/services/base-register-service.ts","REFACTOR","Phases 1-4","Preserve application boundary pattern while moving significant entities to typed repositories and invariants."
"src/domain/services/chemical-service.ts","REFACTOR","Phases 1-4","Preserve application boundary pattern while moving significant entities to typed repositories and invariants."
"src/domain/services/compliance-item-service.ts","REFACTOR","Phases 1-4","Preserve application boundary pattern while moving significant entities to typed repositories and invariants."
"src/domain/services/control-service.ts","REFACTOR","Phases 1-4","Preserve application boundary pattern while moving significant entities to typed repositories and invariants."
"src/domain/services/corrective-action-service.ts","REFACTOR","Phases 1-4","Preserve application boundary pattern while moving significant entities to typed repositories and invariants."
"src/domain/services/equipment-service.ts","REFACTOR","Phases 1-4","Preserve application boundary pattern while moving significant entities to typed repositories and invariants."
"src/domain/services/exposure-monitoring-service.ts","REFACTOR","Phases 1-4","Preserve application boundary pattern while moving significant entities to typed repositories and invariants."
"src/domain/services/finding-service.ts","REFACTOR","Phases 1-4","Preserve application boundary pattern while moving significant entities to typed repositories and invariants."
"src/domain/services/hazard-service.ts","REFACTOR","Phases 1-4","Preserve application boundary pattern while moving significant entities to typed repositories and invariants."
"src/domain/services/incident-service.ts","REFACTOR","Phases 1-4","Preserve application boundary pattern while moving significant entities to typed repositories and invariants."
"src/domain/services/index.ts","REFACTOR","Phases 1-4","Preserve application boundary pattern while moving significant entities to typed repositories and invariants."
"src/domain/services/location-service.ts","REFACTOR","Phases 1-4","Preserve application boundary pattern while moving significant entities to typed repositories and invariants."
"src/domain/services/process-service.ts","REFACTOR","Phases 1-4","Preserve application boundary pattern while moving significant entities to typed repositories and invariants."
"src/domain/services/risk-assessment-service.ts","REFACTOR","Phases 1-4","Preserve application boundary pattern while moving significant entities to typed repositories and invariants."
"src/domain/services/seg-service.ts","REFACTOR","Phases 1-4","Preserve application boundary pattern while moving significant entities to typed repositories and invariants."
"src/lib/components/dashboard/DashboardGrid.svelte","RETAIN","Phases 1-7","Reusable web shell, component, style, route, verification, or test asset; revise only where target workflow requires."
"src/lib/components/dashboard/GlassCard.svelte","RETAIN","Phases 1-7","Reusable web shell, component, style, route, verification, or test asset; revise only where target workflow requires."
"src/lib/components/dashboard/dashboard.types.ts","RETAIN","Phases 1-7","Reusable web shell, component, style, route, verification, or test asset; revise only where target workflow requires."
"src/lib/components/register/ArchiveConfirmationDialog.svelte","RETAIN","Phases 1-7","Reusable web shell, component, style, route, verification, or test asset; revise only where target workflow requires."
"src/lib/components/register/BackToRegisterLink.svelte","RETAIN","Phases 1-7","Reusable web shell, component, style, route, verification, or test asset; revise only where target workflow requires."
"src/lib/components/register/RecordDetailLayout.svelte","RETAIN","Phases 1-7","Reusable web shell, component, style, route, verification, or test asset; revise only where target workflow requires."
"src/lib/components/register/RecordForm.svelte","RETAIN","Phases 1-7","Reusable web shell, component, style, route, verification, or test asset; revise only where target workflow requires."
"src/lib/components/register/RecordForm.test.ts","RETAIN","Phases 1-7","Reusable web shell, component, style, route, verification, or test asset; revise only where target workflow requires."
"src/lib/components/register/RecordMetadataPanel.svelte","RETAIN","Phases 1-7","Reusable web shell, component, style, route, verification, or test asset; revise only where target workflow requires."
"src/lib/components/register/RecordNotFoundState.svelte","RETAIN","Phases 1-7","Reusable web shell, component, style, route, verification, or test asset; revise only where target workflow requires."
"src/lib/components/register/RegisterPageHeader.svelte","RETAIN","Phases 1-7","Reusable web shell, component, style, route, verification, or test asset; revise only where target workflow requires."
"src/lib/components/register/RegisterState.svelte","RETAIN","Phases 1-7","Reusable web shell, component, style, route, verification, or test asset; revise only where target workflow requires."
"src/lib/components/register/RegisterTable.svelte","RETAIN","Phases 1-7","Reusable web shell, component, style, route, verification, or test asset; revise only where target workflow requires."
"src/lib/components/register/RegisterTable.test.ts","RETAIN","Phases 1-7","Reusable web shell, component, style, route, verification, or test asset; revise only where target workflow requires."
"src/lib/components/register/RelationshipPanel.svelte","RETAIN","Phases 1-7","Reusable web shell, component, style, route, verification, or test asset; revise only where target workflow requires."
"src/lib/components/register/RestoreAction.svelte","RETAIN","Phases 1-7","Reusable web shell, component, style, route, verification, or test asset; revise only where target workflow requires."
"src/lib/components/register/record-traceability.test.ts","RETAIN","Phases 1-7","Reusable web shell, component, style, route, verification, or test asset; revise only where target workflow requires."
"src/lib/components/register/record-traceability.ts","RETAIN","Phases 1-7","Reusable web shell, component, style, route, verification, or test asset; revise only where target workflow requires."
"src/lib/components/register/register-config.ts","RETAIN","Phases 1-7","Reusable web shell, component, style, route, verification, or test asset; revise only where target workflow requires."
"src/lib/components/register/register-table.types.ts","RETAIN","Phases 1-7","Reusable web shell, component, style, route, verification, or test asset; revise only where target workflow requires."
"src/lib/components/register/register-table.utils.test.ts","RETAIN","Phases 1-7","Reusable web shell, component, style, route, verification, or test asset; revise only where target workflow requires."
"src/lib/components/register/register-table.utils.ts","RETAIN","Phases 1-7","Reusable web shell, component, style, route, verification, or test asset; revise only where target workflow requires."
"src/lib/components/system/BackupRestoreControls.svelte","RETAIN","Phases 1-7","Reusable web shell, component, style, route, verification, or test asset; revise only where target workflow requires."
"src/lib/components/system/BackupRestoreControls.test.ts","RETAIN","Phases 1-7","Reusable web shell, component, style, route, verification, or test asset; revise only where target workflow requires."
"src/lib/components/system/BrowserStorageDiagnostics.svelte","RETAIN","Phases 1-7","Reusable web shell, component, style, route, verification, or test asset; revise only where target workflow requires."
"src/lib/components/system/BrowserStorageDiagnostics.test.ts","RETAIN","Phases 1-7","Reusable web shell, component, style, route, verification, or test asset; revise only where target workflow requires."
"src/lib/components/ui/ConfirmDialog.svelte","RETAIN","Phases 1-7","Reusable web shell, component, style, route, verification, or test asset; revise only where target workflow requires."
"src/lib/components/ui/ConfirmDialog.test.ts","RETAIN","Phases 1-7","Reusable web shell, component, style, route, verification, or test asset; revise only where target workflow requires."
"src/lib/components/ui/StatusPill.svelte","RETAIN","Phases 1-7","Reusable web shell, component, style, route, verification, or test asset; revise only where target workflow requires."
"src/lib/components/ui/StatusPill.test.ts","RETAIN","Phases 1-7","Reusable web shell, component, style, route, verification, or test asset; revise only where target workflow requires."
"src/lib/data/backup.test.ts","RETAIN","Phase 1","New bounded IndexedDB, governance, migration, backup, or diagnostics foundation."
"src/lib/data/backup.ts","RETAIN","Phase 1","New bounded IndexedDB, governance, migration, backup, or diagnostics foundation."
"src/lib/data/backup/backup-service.ts","RETAIN","Phase 1","New bounded IndexedDB, governance, migration, backup, or diagnostics foundation."
"src/lib/data/backup/backup-status.test.ts","RETAIN","Phase 1","New bounded IndexedDB, governance, migration, backup, or diagnostics foundation."
"src/lib/data/backup/backup-status.ts","RETAIN","Phase 1","New bounded IndexedDB, governance, migration, backup, or diagnostics foundation."
"src/lib/data/backup/backup-tracker.ts","RETAIN","Phase 1","New bounded IndexedDB, governance, migration, backup, or diagnostics foundation."
"src/lib/data/backup/index.ts","RETAIN","Phase 1","New bounded IndexedDB, governance, migration, backup, or diagnostics foundation."
"src/lib/data/database/errors.ts","RETAIN","Phase 1","New bounded IndexedDB, governance, migration, backup, or diagnostics foundation."
"src/lib/data/database/failure-modes.test.ts","RETAIN","Phase 1","New bounded IndexedDB, governance, migration, backup, or diagnostics foundation."
"src/lib/data/database/idb-utils.ts","RETAIN","Phase 1","New bounded IndexedDB, governance, migration, backup, or diagnostics foundation."
"src/lib/data/database/identity.ts","RETAIN","Phase 1","New bounded IndexedDB, governance, migration, backup, or diagnostics foundation."
"src/lib/data/database/index.ts","RETAIN","Phase 1","New bounded IndexedDB, governance, migration, backup, or diagnostics foundation."
"src/lib/data/database/indexeddb-adapter.test.ts","RETAIN","Phase 1","New bounded IndexedDB, governance, migration, backup, or diagnostics foundation."
"src/lib/data/database/indexeddb-adapter.ts","RETAIN","Phase 1","New bounded IndexedDB, governance, migration, backup, or diagnostics foundation."
"src/lib/data/database/indexeddb-foundation.test.ts","RETAIN","Phase 1","New bounded IndexedDB, governance, migration, backup, or diagnostics foundation."
"src/lib/data/database/open-database.ts","RETAIN","Phase 1","New bounded IndexedDB, governance, migration, backup, or diagnostics foundation."
"src/lib/data/database/schema.ts","RETAIN","Phase 1","New bounded IndexedDB, governance, migration, backup, or diagnostics foundation."
"src/lib/data/database/types.ts","RETAIN","Phase 1","New bounded IndexedDB, governance, migration, backup, or diagnostics foundation."
"src/lib/data/diagnostics/index.ts","RETAIN","Phase 1","New bounded IndexedDB, governance, migration, backup, or diagnostics foundation."
"src/lib/data/diagnostics/storage-diagnostics.ts","RETAIN","Phase 1","New bounded IndexedDB, governance, migration, backup, or diagnostics foundation."
"src/lib/data/exchange/index.ts","RETAIN","Phase 1","New bounded IndexedDB, governance, migration, backup, or diagnostics foundation."
"src/lib/data/exchange/staging-repository.ts","RETAIN","Phase 1","New bounded IndexedDB, governance, migration, backup, or diagnostics foundation."
"src/lib/data/index.ts","RETAIN","Phase 1","New bounded IndexedDB, governance, migration, backup, or diagnostics foundation."
"src/lib/data/integrity/database-integrity.ts","RETAIN","Phase 1","New bounded IndexedDB, governance, migration, backup, or diagnostics foundation."
"src/lib/data/integrity/index.ts","RETAIN","Phase 1","New bounded IndexedDB, governance, migration, backup, or diagnostics foundation."
"src/lib/data/legacy/__fixtures__/browser-v14.json","RETAIN","Phase 1","New bounded IndexedDB, governance, migration, backup, or diagnostics foundation."
"src/lib/data/legacy/__fixtures__/native-v10.json","RETAIN","Phase 1","New bounded IndexedDB, governance, migration, backup, or diagnostics foundation."
"src/lib/data/legacy/index.ts","RETAIN","Phase 1","New bounded IndexedDB, governance, migration, backup, or diagnostics foundation."
"src/lib/data/legacy/legacy-mapping.ts","RETAIN","Phase 1","New bounded IndexedDB, governance, migration, backup, or diagnostics foundation."
"src/lib/data/legacy/legacy-migration.test.ts","RETAIN","Phase 1","New bounded IndexedDB, governance, migration, backup, or diagnostics foundation."
"src/lib/data/legacy/legacy-migration.ts","RETAIN","Phase 1","New bounded IndexedDB, governance, migration, backup, or diagnostics foundation."
"src/lib/data/legacy/legacy-source.test.ts","RETAIN","Phase 1","New bounded IndexedDB, governance, migration, backup, or diagnostics foundation."
"src/lib/data/legacy/legacy-source.ts","RETAIN","Phase 1","New bounded IndexedDB, governance, migration, backup, or diagnostics foundation."
"src/lib/data/migrations/index.ts","RETAIN","Phase 1","New bounded IndexedDB, governance, migration, backup, or diagnostics foundation."
"src/lib/data/migrations/target-schema.test.ts","RETAIN","Phase 1","New bounded IndexedDB, governance, migration, backup, or diagnostics foundation."
"src/lib/data/migrations/target-schema.ts","RETAIN","Phase 1","New bounded IndexedDB, governance, migration, backup, or diagnostics foundation."
"src/lib/data/repositories/index.ts","RETAIN","Phase 1","New bounded IndexedDB, governance, migration, backup, or diagnostics foundation."
"src/lib/data/repositories/record-repository.contract.test.ts","RETAIN","Phase 1","New bounded IndexedDB, governance, migration, backup, or diagnostics foundation."
"src/lib/data/repositories/record-repository.ts","RETAIN","Phase 1","New bounded IndexedDB, governance, migration, backup, or diagnostics foundation."
"src/lib/data/revisions/index.ts","RETAIN","Phase 1","New bounded IndexedDB, governance, migration, backup, or diagnostics foundation."
"src/lib/data/revisions/mutation-transaction.ts","RETAIN","Phase 1","New bounded IndexedDB, governance, migration, backup, or diagnostics foundation."
"src/lib/data/revisions/revision-repository.ts","RETAIN","Phase 1","New bounded IndexedDB, governance, migration, backup, or diagnostics foundation."
"src/lib/export/register-export.test.ts","RETAIN","Phases 1-7","Reusable web shell, component, style, route, verification, or test asset; revise only where target workflow requires."
"src/lib/export/register-export.ts","RETAIN","Phases 1-7","Reusable web shell, component, style, route, verification, or test asset; revise only where target workflow requires."
"src/lib/export/review-package.test.ts","RETAIN","Phases 1-7","Reusable web shell, component, style, route, verification, or test asset; revise only where target workflow requires."
"src/lib/export/review-package.ts","RETAIN","Phases 1-7","Reusable web shell, component, style, route, verification, or test asset; revise only where target workflow requires."
"src/lib/navigation/route-registry.test.ts","RETAIN","Phases 1-7","Reusable web shell, component, style, route, verification, or test asset; revise only where target workflow requires."
"src/lib/navigation/route-registry.ts","RETAIN","Phases 1-7","Reusable web shell, component, style, route, verification, or test asset; revise only where target workflow requires."
"src/lib/navigation/sidebar.config.ts","RETAIN","Phases 1-7","Reusable web shell, component, style, route, verification, or test asset; revise only where target workflow requires."
"src/lib/navigation/sidebar.types.ts","RETAIN","Phases 1-7","Reusable web shell, component, style, route, verification, or test asset; revise only where target workflow requires."
"src/lib/navigation/sidebar.utils.ts","RETAIN","Phases 1-7","Reusable web shell, component, style, route, verification, or test asset; revise only where target workflow requires."
"src/lib/pages/DashboardPage.svelte","RETAIN","Phases 1-7","Reusable web shell, component, style, route, verification, or test asset; revise only where target workflow requires."
"src/lib/pages/DashboardPage.test.ts","RETAIN","Phases 1-7","Reusable web shell, component, style, route, verification, or test asset; revise only where target workflow requires."
"src/lib/pages/ErrorPage.svelte","RETAIN","Phases 1-7","Reusable web shell, component, style, route, verification, or test asset; revise only where target workflow requires."
"src/lib/pages/GlobalSearchPage.svelte","RETAIN","Phases 1-7","Reusable web shell, component, style, route, verification, or test asset; revise only where target workflow requires."
"src/lib/pages/GlobalSearchPage.test.ts","RETAIN","Phases 1-7","Reusable web shell, component, style, route, verification, or test asset; revise only where target workflow requires."
"src/lib/pages/NotFoundPage.svelte","RETAIN","Phases 1-7","Reusable web shell, component, style, route, verification, or test asset; revise only where target workflow requires."
"src/lib/pages/RegisterCrudPage.svelte","RETAIN","Phases 1-7","Reusable web shell, component, style, route, verification, or test asset; revise only where target workflow requires."
"src/lib/pages/RegisterCrudPage.test.ts","RETAIN","Phases 1-7","Reusable web shell, component, style, route, verification, or test asset; revise only where target workflow requires."
"src/lib/pages/RegisterRecordNotFound.svelte","RETAIN","Phases 1-7","Reusable web shell, component, style, route, verification, or test asset; revise only where target workflow requires."
"src/lib/pages/ReportsExportsPage.svelte","RETAIN","Phases 1-7","Reusable web shell, component, style, route, verification, or test asset; revise only where target workflow requires."
"src/lib/pages/ReportsExportsPage.test.ts","RETAIN","Phases 1-7","Reusable web shell, component, style, route, verification, or test asset; revise only where target workflow requires."
"src/lib/pages/RouteOutlet.svelte","RETAIN","Phases 1-7","Reusable web shell, component, style, route, verification, or test asset; revise only where target workflow requires."
"src/lib/pages/RouteOutlet.test.ts","RETAIN","Phases 1-7","Reusable web shell, component, style, route, verification, or test asset; revise only where target workflow requires."
"src/lib/pages/RoutePlaceholderPage.svelte","RETAIN","Phases 1-7","Reusable web shell, component, style, route, verification, or test asset; revise only where target workflow requires."
"src/lib/pages/SettingsPage.svelte","RETAIN","Phases 1-7","Reusable web shell, component, style, route, verification, or test asset; revise only where target workflow requires."
"src/lib/pages/SettingsPage.test.ts","RETAIN","Phases 1-7","Reusable web shell, component, style, route, verification, or test asset; revise only where target workflow requires."
"src/lib/persistence/campaign-register.types.ts","REFACTOR","Phase 1","Legacy localStorage model remains migration input; operational behavior moves to bounded IndexedDB repositories."
"src/lib/persistence/chemical.types.ts","REFACTOR","Phase 1","Legacy localStorage model remains migration input; operational behavior moves to bounded IndexedDB repositories."
"src/lib/persistence/compliance-item.types.ts","REFACTOR","Phase 1","Legacy localStorage model remains migration input; operational behavior moves to bounded IndexedDB repositories."
"src/lib/persistence/control.types.ts","REFACTOR","Phase 1","Legacy localStorage model remains migration input; operational behavior moves to bounded IndexedDB repositories."
"src/lib/persistence/corrective-action.types.ts","REFACTOR","Phase 1","Legacy localStorage model remains migration input; operational behavior moves to bounded IndexedDB repositories."
"src/lib/persistence/equipment.types.ts","REFACTOR","Phase 1","Legacy localStorage model remains migration input; operational behavior moves to bounded IndexedDB repositories."
"src/lib/persistence/exposure-monitoring.types.ts","REFACTOR","Phase 1","Legacy localStorage model remains migration input; operational behavior moves to bounded IndexedDB repositories."
"src/lib/persistence/finding.types.ts","REFACTOR","Phase 1","Legacy localStorage model remains migration input; operational behavior moves to bounded IndexedDB repositories."
"src/lib/persistence/hazard.types.ts","REFACTOR","Phase 1","Legacy localStorage model remains migration input; operational behavior moves to bounded IndexedDB repositories."
"src/lib/persistence/incident.types.ts","REFACTOR","Phase 1","Legacy localStorage model remains migration input; operational behavior moves to bounded IndexedDB repositories."
"src/lib/persistence/lifecycle.types.ts","REFACTOR","Phase 1","Legacy localStorage model remains migration input; operational behavior moves to bounded IndexedDB repositories."
"src/lib/persistence/local-persistence.test.ts","REFACTOR","Phase 1","Legacy localStorage model remains migration input; operational behavior moves to bounded IndexedDB repositories."
"src/lib/persistence/local-persistence.ts","REFACTOR","Phase 1","Legacy localStorage model remains migration input; operational behavior moves to bounded IndexedDB repositories."
"src/lib/persistence/location.types.ts","REFACTOR","Phase 1","Legacy localStorage model remains migration input; operational behavior moves to bounded IndexedDB repositories."
"src/lib/persistence/process.types.ts","REFACTOR","Phase 1","Legacy localStorage model remains migration input; operational behavior moves to bounded IndexedDB repositories."
"src/lib/persistence/risk-assessment.types.ts","REFACTOR","Phase 1","Legacy localStorage model remains migration input; operational behavior moves to bounded IndexedDB repositories."
"src/lib/persistence/seg.types.ts","REFACTOR","Phase 1","Legacy localStorage model remains migration input; operational behavior moves to bounded IndexedDB repositories."
"src/lib/search/global-search.test.ts","RETAIN","Phases 1-7","Reusable web shell, component, style, route, verification, or test asset; revise only where target workflow requires."
"src/lib/search/global-search.ts","RETAIN","Phases 1-7","Reusable web shell, component, style, route, verification, or test asset; revise only where target workflow requires."
"src/lib/utils/date.ts","RETAIN","Phases 1-7","Reusable web shell, component, style, route, verification, or test asset; revise only where target workflow requires."
"src/repositories/index.ts","REFACTOR","Phases 1-4","Preserve application boundary pattern while moving significant entities to typed repositories and invariants."
"src/repositories/register-repository-adapter.ts","REFACTOR","Phases 1-4","Preserve application boundary pattern while moving significant entities to typed repositories and invariants."
"src/routes/+error.svelte","RETAIN","Phases 1-7","Reusable web shell, component, style, route, verification, or test asset; revise only where target workflow requires."
"src/routes/+layout.svelte","RETAIN","Phases 1-7","Reusable web shell, component, style, route, verification, or test asset; revise only where target workflow requires."
"src/routes/+layout.ts","REFACTOR","Phase 1","Update from Tauri assumptions to web-first PWA runtime and IndexedDB bootstrap."
"src/routes/+page.ts","RETAIN","Phases 1-7","Reusable web shell, component, style, route, verification, or test asset; revise only where target workflow requires."
"src/routes/[...path]/+page.svelte","RETAIN","Phases 1-7","Reusable web shell, component, style, route, verification, or test asset; revise only where target workflow requires."
"src/routes/[...path]/+page.ts","RETAIN","Phases 1-7","Reusable web shell, component, style, route, verification, or test asset; revise only where target workflow requires."
"src/routes/dashboard/+page.svelte","REFACTOR","Phases 2-5","Retain route/UI shell while replacing generic or conflated records with typed domain workflows."
"src/service-worker.ts","RETAIN","Phases 1-7","Reusable web shell, component, style, route, verification, or test asset; revise only where target workflow requires."
"src/test/setup.ts","RETAIN","Phases 1-7","Reusable web shell, component, style, route, verification, or test asset; revise only where target workflow requires."
"src/tests/domain-services.test.ts","RETAIN","Phases 1-7","Reusable web shell, component, style, route, verification, or test asset; revise only where target workflow requires."
"static/adama-hse-icon.svg","RETAIN","Phases 1-7","Reusable web shell, component, style, route, verification, or test asset; revise only where target workflow requires."
"static/favicon.png","REFACTOR","Phase 1","Update from Tauri assumptions to web-first PWA runtime and IndexedDB bootstrap."
"static/icons/adama-hse-192.png","RETAIN","Phases 1-7","Reusable web shell, component, style, route, verification, or test asset; revise only where target workflow requires."
"static/icons/adama-hse-512.png","RETAIN","Phases 1-7","Reusable web shell, component, style, route, verification, or test asset; revise only where target workflow requires."
"static/manifest.webmanifest","RETAIN","Phases 1-7","Reusable web shell, component, style, route, verification, or test asset; revise only where target workflow requires."
"static/svelte.svg","REMOVE_AFTER_MIGRATION","Phase 1 exit","Template or desktop-only asset has no target web-product role."
"static/tauri.svg","REMOVE_AFTER_MIGRATION","Phase 1 exit","Template or desktop-only asset has no target web-product role."
"static/vite.svg","REMOVE_AFTER_MIGRATION","Phase 1 exit","Template or desktop-only asset has no target web-product role."
"svelte.config.js","REFACTOR","Phase 1","Update from Tauri assumptions to web-first PWA runtime and IndexedDB bootstrap."
"tsconfig.json","REFACTOR","Phase 7","Keep project tooling and align it with unified web verification and deployment."
"vite.config.js","REFACTOR","Phase 1","Update from Tauri assumptions to web-first PWA runtime and IndexedDB bootstrap."

